session_id,user_id,start_time,end_time,event_count,event_types,event_properties,session_duration,button_click,form_submit,page_load,max,mean,std,first_event,last_event
004212b2-25cd-41c9-b2d0-597256e6493f,user_24,2025-10-04 06:40:18.668788,2025-10-04 07:45:18.668795,6,"['button_click', 'button_click', 'form_submit', 'form_submit', 'page_load', 'page_load']","[{'button_id': 'search'}, {'button_id': 'submit'}, {'form_id': 'application_form', 'fields_filled': {'experience': '3 years'}}, {'form_id': 'application_form', 'fields_filled': {'experience': '3 years'}}, {'page': '/profile'}, {'page': '/apply'}]",3900.000007,2.0,2.0,2.0,3900.000007,396.00020520000004,2463.8748512499646,button_click,page_load
00b7ae1f-2b0e-47a8-b93d-2b73d47843ae,user_43,2025-10-04 06:42:18.668069,2025-10-04 07:37:18.667701,3,"['page_load', 'form_submit', 'button_click']","[{'page': '/dashboard'}, {'form_id': 'application_form', 'fields_filled': {'experience': '3 years'}}, {'button_id': 'apply'}]",3299.999632,1.0,1.0,1.0,-1079.99972,-1649.999816,806.1018663171664,button_click,page_load
0147a2d8-923e-4ab6-851d-c3786175469f,user_27,2025-10-04 07:46:18.667497,2025-10-04 07:46:18.667497,1,['button_click'],[{'button_id': 'apply'}],0.0,1.0,0.0,0.0,0.0,0.0,0.0,button_click,button_click
0533b46a-2f39-4f43-ac1e-026c1bc01a3a,user_39,2025-10-04 06:48:18.669109,2025-10-04 08:26:18.668928,5,"['form_submit', 'form_submit', 'form_submit', 'page_load', 'button_click']","[{'form_id': 'application_form', 'fields_filled': {'experience': '3 years'}}, {'form_id': 'application_form', 'fields_filled': {'experience': '3 years'}}, {'form_id': 'application_form', 'fields_filled': {'experience': '3 years'}}, {'page': '/profile'}, {'button_id': 'search'}]",5879.999819,1.0,3.0,1.0,5160.000197,-1274.99962975,4630.8638126736205,page_load,form_submit
072dea52-f6ca-44b5-a4b2-59133a6f3f9d,user_19,2025-10-04 07:18:18.668502,2025-10-04 08:13:18.668427,6,"['button_click', 'page_load', 'form_submit', 'page_load', 'button_click', 'button_click']","[{'button_id': 'submit'}, {'page': '/profile'}, {'form_id': 'application_form', 'fields_filled': {'experience': '3 years'}}, {'page': '/apply'}, {'button_id': 'submit'}, {'button_id': 'search'}]",3299.999925,3.0,1.0,2.0,1560.000179,-287.9997716,1410.5744024751436,button_click,page_load
07d42265-a3bf-452f-af9d-ce3f3813ee1c,user_39,2025-10-04 06:38:18.668118,2025-10-04 08:02:18.668319,8,"['button_click', 'form_submit', 'form_submit', 'page_load', 'page_load', 'form_submit', 'form_submit', 'button_click']","[{'button_id': 'search'}, {'form_id': 'application_form', 'fields_filled': {'experience': '3 years'}}, {'form_id': 'application_form', 'fields_filled': {'experience': '3 years'}}, {'page': '/profile'}, {'page': '/jobs'}, {'form_id': 'application_form', 'fields_filled': {'experience': '3 years'}}, {'form_id': 'application_form', 'fields_filled': {'experience': '3 years'}}, {'button_id': 'search'}]",5040.000201,2.0,4.0,2.0,5040.000201,377.14307957142853,3165.5736702152485,page_load,form_submit
088bb43f-9720-44e2-9e4b-8f5523de0784,user_8,2025-10-04 06:42:18.668641,2025-10-04 08:34:18.668048,5,"['form_submit', 'form_submit', 'form_submit', 'form_submit', 'button_click']","[{'form_id': 'application_form', 'fields_filled': {'experience': '3 years'}}, {'form_id': 'application_form', 'fields_filled': {'experience': '3 years'}}, {'form_id': 'application_form', 'fields_filled': {'experience': '3 years'}}, {'form_id': 'application_form', 'fields_filled': {'experience': '3 years'}}, {'button_id': 'cancel'}]",6719.999407,1.0,4.0,0.0,3780.00006,-914.9997685000001,4367.619256897293,form_submit,form_submit
0a0125b8-c273-449a-b96e-77fc44c9555c,user_47,2025-10-04 06:50:18.667974,2025-10-04 08:32:18.669283,4,"['page_load', 'button_click', 'page_load', 'page_load']","[{'page': '/apply'}, {'button_id': 'cancel'}, {'page': '/home'}, {'page': '/dashboard'}]",6120.001309,1.0,0.0,3.0,3900.000335,880.0005783333335,3868.1779250055342,button_click,page_load
0bdb1c67-0890-499e-97d2-82d30d9c6fd7,user_34,2025-10-04 06:39:18.667856,2025-10-04 08:07:18.668807,6,"['page_load', 'form_submit', 'page_load', 'form_submit', 'page_load', 'page_load']","[{'page': '/home'}, {'form_id': 'application_form', 'fields_filled': {'experience': '3 years'}}, {'page': '/apply'}, {'form_id': 'application_form', 'fields_filled': {'experience': '3 years'}}, {'page': '/profile'}, {'page': '/home'}]",5280.000951,0.0,2.0,4.0,3180.000425,504.0002106,2205.60207351508,page_load,page_load
0ce02579-9f66-4169-b36f-9081733dd9c4,user_14,2025-10-04 07:23:18.668143,2025-10-04 08:03:18.667821,2,"['form_submit', 'button_click']","[{'form_id': 'application_form', 'fields_filled': {'experience': '3 years'}}, {'button_id': 'apply'}]",2399.999678,1.0,1.0,0.0,-2399.999678,-2399.999678,0.0,button_click,form_submit
0cfe640e-d49e-4da7-8a90-24d53b2dafb1,user_14,2025-10-04 06:37:18.668921,2025-10-04 07:46:18.668845,9,"['page_load', 'button_click', 'form_submit', 'button_click', 'form_submit', 'button_click', 'form_submit', 'page_load', 'button_click']","[{'page': '/jobs'}, {'button_id': 'apply'}, {'form_id': 'application_form', 'fields_filled': {'experience': '3 years'}}, {'button_id': 'apply'}, {'form_id': 'application_form', 'fields_filled': {'experience': '3 years'}}, {'button_id': 'search'}, {'form_id': 'application_form', 'fields_filled': {'experience': '3 years'}}, {'page': '/apply'}, {'button_id': 'search'}]",4139.999924,4.0,3.0,2.0,3300.000038,382.50022550000006,2504.6343890744492,button_click,form_submit
0d980439-2d0b-49d9-a2ae-4fd1a5da0726,user_3,2025-10-04 06:55:18.668595,2025-10-04 08:16:18.667424,5,"['button_click', 'form_submit', 'button_click', 'button_click', 'button_click']","[{'button_id': 'cancel'}, {'form_id': 'application_form', 'fields_filled': {'experience': '3 years'}}, {'button_id': 'apply'}, {'button_id': 'cancel'}, {'button_id': 'search'}]",4859.998829,4.0,1.0,0.0,480.000698,-1094.9995327499998,1387.695895637836,button_click,form_submit
138e8c70-494b-4d1f-becf-0e1e7aded647,user_7,2025-10-04 06:48:18.668104,2025-10-04 08:25:18.668769,7,"['button_click', 'form_submit', 'button_click', 'page_load', 'button_click', 'button_click', 'form_submit']","[{'button_id': 'apply'}, {'form_id': 'application_form', 'fields_filled': {'experience': '3 years'}}, {'button_id': 'submit'}, {'page': '/jobs'}, {'button_id': 'submit'}, {'button_id': 'apply'}, {'form_id': 'application_form', 'fields_filled': {'experience': '3 years'}}]",5820.000665,4.0,2.0,1.0,4980.000219,40.00026849999995,5071.141940990414,form_submit,button_click
140eb171-63f3-41bf-a58d-b420a7d9e6af,user_3,2025-10-04 08:32:18.669194,2025-10-04 08:32:18.669194,1,['page_load'],[{'page': '/apply'}],0.0,0.0,0.0,1.0,0.0,0.0,0.0,page_load,page_load
1c6b4642-c1e3-4851-9e57-801be288b950,user_18,2025-10-04 06:49:18.668316,2025-10-04 07:21:18.668125,4,"['button_click', 'form_submit', 'form_submit', 'button_click']","[{'button_id': 'submit'}, {'form_id': 'application_form', 'fields_filled': {'experience': '3 years'}}, {'form_id': 'application_form', 'fields_filled': {'experience': '3 years'}}, {'button_id': 'search'}]",1919.999809,2.0,2.0,0.0,720.000064,-299.999759,1418.590863025715,form_submit,button_click
1cfcefb9-45b7-4c76-957b-f6321aed0da5,user_26,2025-10-04 06:36:18.667729,2025-10-04 08:00:18.668490,4,"['page_load', 'page_load', 'page_load', 'button_click']","[{'page': '/dashboard'}, {'page': '/profile'}, {'page': '/jobs'}, {'button_id': 'apply'}]",5040.000761,1.0,0.0,3.0,5040.000679,0.0003733333329970871,5040.000160000007,page_load,page_load
1e94742b-1cba-4456-afdc-3a1c255503ab,user_27,2025-10-04 07:21:18.667464,2025-10-04 07:36:18.667705,2,"['button_click', 'page_load']","[{'button_id': 'apply'}, {'page': '/home'}]",900.000241,1.0,0.0,1.0,900.000241,900.000241,0.0,button_click,page_load
238bf3c2-33c7-4784-a87c-9c6f113b5210,user_31,2025-10-04 06:34:18.668969,2025-10-04 08:10:18.667747,6,"['page_load', 'button_click', 'button_click', 'page_load', 'button_click', 'page_load']","[{'page': '/apply'}, {'button_id': 'submit'}, {'button_id': 'cancel'}, {'page': '/dashboard'}, {'button_id': 'apply'}, {'page': '/home'}]",5759.998778,3.0,0.0,3.0,3540.000161,264.00035859999997,3056.056059057846,button_click,button_click
246a3458-509f-410c-8f71-b9752d163777,user_31,2025-10-04 07:01:18.668513,2025-10-04 08:01:18.668487,4,"['form_submit', 'form_submit', 'page_load', 'button_click']","[{'form_id': 'application_form', 'fields_filled': {'experience': '3 years'}}, {'form_id': 'application_form', 'fields_filled': {'experience': '3 years'}}, {'page': '/jobs'}, {'button_id': 'cancel'}]",3599.999974,1.0,2.0,1.0,2460.000787,60.000502333333465,3220.4972703109333,form_submit,page_load
24afa552-3010-4f99-a45b-383c4f50f556,user_3,2025-10-04 06:44:18.668638,2025-10-04 08:31:18.668499,6,"['form_submit', 'button_click', 'page_load', 'form_submit', 'form_submit', 'form_submit']","[{'form_id': 'application_form', 'fields_filled': {'experience': '3 years'}}, {'button_id': 'cancel'}, {'page': '/dashboard'}, {'form_id': 'application_form', 'fields_filled': {'experience': '3 years'}}, {'form_id': 'application_form', 'fields_filled': {'experience': '3 years'}}, {'form_id': 'application_form', 'fields_filled': {'experience': '3 years'}}]",6419.999861,1.0,4.0,1.0,4800.000179,-827.9998525999999,4711.700399057438,page_load,button_click
2655ab39-bd4b-4b4c-b73b-843912c3d823,user_38,2025-10-04 07:01:18.668434,2025-10-04 08:22:18.668530,4,"['button_click', 'page_load', 'button_click', 'form_submit']","[{'button_id': 'search'}, {'page': '/profile'}, {'button_id': 'apply'}, {'form_id': 'application_form', 'fields_filled': {'experience': '3 years'}}]",4860.000096,2.0,1.0,1.0,4860.000096,-139.99964533333346,4345.065935067046,button_click,page_load
2ac722bb-c96b-46a8-994d-3045b9c3f721,user_15,2025-10-04 06:36:18.667740,2025-10-04 08:07:18.667572,8,"['page_load', 'button_click', 'page_load', 'button_click', 'page_load', 'button_click', 'page_load', 'page_load']","[{'page': '/dashboard'}, {'button_id': 'search'}, {'page': '/jobs'}, {'button_id': 'apply'}, {'page': '/home'}, {'button_id': 'cancel'}, {'page': '/dashboard'}, {'page': '/profile'}]",5459.999832,3.0,0.0,5.0,5160.000043,162.8573897142856,4197.672709043843,page_load,page_load
2b27c4a2-f895-4210-a2cc-08e6c780a842,user_21,2025-10-04 07:10:18.667565,2025-10-04 08:32:18.668387,5,"['form_submit', 'button_click', 'page_load', 'page_load', 'form_submit']","[{'form_id': 'application_form', 'fields_filled': {'experience': '3 years'}}, {'button_id': 'submit'}, {'page': '/profile'}, {'page': '/dashboard'}, {'form_id': 'application_form', 'fields_filled': {'experience': '3 years'}}]",4920.000822,1.0,2.0,2.0,4920.000822,495.00041350000004,3384.3318573538436,form_submit,page_load
2b43345c-2373-480c-b258-c42d65d137a3,user_27,2025-10-04 06:53:18.668351,2025-10-04 08:07:18.667995,8,"['page_load', 'button_click', 'page_load', 'form_submit', 'page_load', 'form_submit', 'page_load', 'form_submit']","[{'page': '/dashboard'}, {'button_id': 'search'}, {'page': '/jobs'}, {'form_id': 'application_form', 'fields_filled': {'experience': '3 years'}}, {'page': '/dashboard'}, {'form_id': 'application_form', 'fields_filled': {'experience': '3 years'}}, {'page': '/dashboard'}, {'form_id': 'application_form', 'fields_filled': {'experience': '3 years'}}]",4439.999644,1.0,3.0,4.0,1200.000258,-608.5712485714286,1648.7918213086552,form_submit,page_load
2bcff82f-e891-4093-9047-737f8b52c1c2,user_24,2025-10-04 07:09:18.668676,2025-10-04 08:27:18.668682,7,"['page_load', 'form_submit', 'form_submit', 'page_load', 'page_load', 'page_load', 'form_submit']","[{'page': '/jobs'}, {'form_id': 'application_form', 'fields_filled': {'experience': '3 years'}}, {'form_id': 'application_form', 'fields_filled': {'experience': '3 years'}}, {'page': '/profile'}, {'page': '/home'}, {'page': '/home'}, {'form_id': 'application_form', 'fields_filled': {'experience': '3 years'}}]",4680.000006,0.0,3.0,4.0,4680.000006,-149.99986500000003,2498.983719207473,page_load,page_load
2c0d62c1-6ce3-4dfc-a827-4001291e9d2d,user_16,2025-10-04 07:19:18.668811,2025-10-04 08:08:18.668234,4,"['page_load', 'page_load', 'page_load', 'form_submit']","[{'page': '/home'}, {'page': '/apply'}, {'page': '/dashboard'}, {'form_id': 'application_form', 'fields_filled': {'experience': '3 years'}}]",2939.999423,0.0,1.0,3.0,1920.000634,-939.9995570000001,2541.5744249893764,page_load,page_load
2c4dd542-6741-4f3b-b85b-598172a34b1c,user_12,2025-10-04 07:23:18.667790,2025-10-04 08:25:18.668859,4,"['page_load', 'page_load', 'page_load', 'form_submit']","[{'page': '/apply'}, {'page': '/profile'}, {'page': '/apply'}, {'form_id': 'application_form', 'fields_filled': {'experience': '3 years'}}]",3720.001069,0.0,1.0,3.0,3240.000804,1240.0003563333332,3107.4751544912087,page_load,form_submit
2f29f6e0-5ed3-45f1-b73e-6d9f6e8b9cbf,user_6,2025-10-04 06:53:18.669137,2025-10-04 08:24:18.668696,3,"['page_load', 'form_submit', 'page_load']","[{'page': '/home'}, {'form_id': 'application_form', 'fields_filled': {'experience': '3 years'}}, {'page': '/dashboard'}]",5459.999559,0.0,1.0,2.0,3660.000585,-899.999487,6448.81394624469,form_submit,page_load
300e532b-5d8d-4bfd-97d3-404166980737,user_1,2025-10-04 07:17:18.667960,2025-10-04 08:10:18.667409,4,"['page_load', 'page_load', 'form_submit', 'form_submit']","[{'page': '/apply'}, {'page': '/jobs'}, {'form_id': 'application_form', 'fields_filled': {'experience': '3 years'}}, {'form_id': 'application_form', 'fields_filled': {'experience': '3 years'}}]",3179.999449,0.0,2.0,2.0,1980.000523,-319.99953533333337,2625.1856708126406,form_submit,form_submit
31955824-4554-4b65-b8ae-a2a64c3068f1,user_48,2025-10-04 07:23:18.667818,2025-10-04 08:04:18.669205,4,"['form_submit', 'form_submit', 'page_load', 'form_submit']","[{'form_id': 'application_form', 'fields_filled': {'experience': '3 years'}}, {'form_id': 'application_form', 'fields_filled': {'experience': '3 years'}}, {'page': '/apply'}, {'form_id': 'application_form', 'fields_filled': {'experience': '3 years'}}]",2460.001387,0.0,3.0,1.0,2040.000739,820.0004623333334,1126.2328928423544,form_submit,form_submit
3bbd54bf-f5de-4e03-a8fc-ee61472fd6ef,user_6,2025-10-04 06:46:18.668752,2025-10-04 08:24:18.667691,5,"['page_load', 'button_click', 'button_click', 'button_click', 'page_load']","[{'page': '/dashboard'}, {'button_id': 'cancel'}, {'button_id': 'cancel'}, {'button_id': 'submit'}, {'page': '/dashboard'}]",5879.998939,3.0,0.0,2.0,1980.000111,-1469.99973475,3984.921369866679,page_load,page_load
3dba1ed7-e3ad-4e86-8242-194a7a7ae81f,user_45,2025-10-04 06:46:18.668452,2025-10-04 08:19:18.668699,5,"['button_click', 'button_click', 'page_load', 'page_load', 'form_submit']","[{'button_id': 'search'}, {'button_id': 'apply'}, {'page': '/home'}, {'page': '/profile'}, {'form_id': 'application_form', 'fields_filled': {'experience': '3 years'}}]",5580.000247,2.0,1.0,2.0,5580.000247,-359.9997185000001,4268.301793678607,page_load,button_click
3e2157ba-f618-4731-966f-aca82bae52df,user_18,2025-10-04 06:41:18.667917,2025-10-04 08:05:18.668703,7,"['form_submit', 'form_submit', 'button_click', 'button_click', 'button_click', 'page_load', 'page_load']","[{'form_id': 'application_form', 'fields_filled': {'experience': '3 years'}}, {'form_id': 'application_form', 'fields_filled': {'experience': '3 years'}}, {'button_id': 'apply'}, {'button_id': 'cancel'}, {'button_id': 'submit'}, {'page': '/home'}, {'page': '/profile'}]",5040.000786,3.0,2.0,2.0,4020.000287,720.0002191666666,2800.4000652935347,form_submit,page_load
3ef34aec-7587-4f22-992a-de62e5aaec18,user_34,2025-10-04 07:04:18.667551,2025-10-04 08:32:18.667583,5,"['page_load', 'button_click', 'page_load', 'button_click', 'page_load']","[{'page': '/profile'}, {'button_id': 'search'}, {'page': '/profile'}, {'button_id': 'cancel'}, {'page': '/jobs'}]",5280.000032,2.0,0.0,3.0,5280.000032,720.00039575,4123.008569857708,page_load,page_load
44d78fc5-646c-4cfa-9a4c-b877c17d38d2,user_46,2025-10-04 06:34:18.667650,2025-10-04 08:25:18.668714,9,"['button_click', 'button_click', 'form_submit', 'page_load', 'button_click', 'form_submit', 'page_load', 'form_submit', 'page_load']","[{'button_id': 'submit'}, {'button_id': 'apply'}, {'form_id': 'application_form', 'fields_filled': {'experience': '3 years'}}, {'page': '/profile'}, {'button_id': 'apply'}, {'form_id': 'application_form', 'fields_filled': {'experience': '3 years'}}, {'page': '/home'}, {'form_id': 'application_form', 'fields_filled': {'experience': '3 years'}}, {'page': '/home'}]",6660.001064,3.0,3.0,3.0,5220.000712,262.50016012500015,3576.198239022539,button_click,form_submit
453b76f0-2380-4518-ba09-05cbdbe90026,user_41,2025-10-04 06:51:18.668238,2025-10-04 07:37:18.668382,4,"['button_click', 'page_load', 'page_load', 'page_load']","[{'button_id': 'apply'}, {'page': '/profile'}, {'page': '/profile'}, {'page': '/dashboard'}]",2760.000144,1.0,0.0,3.0,2760.000144,460.0001743333334,2010.07460596367,page_load,page_load
45527a62-f02b-4ff4-848b-afed5fcfe126,user_12,2025-10-04 06:34:18.668037,2025-10-04 08:24:18.668227,14,"['form_submit', 'button_click', 'button_click', 'page_load', 'form_submit', 'button_click', 'button_click', 'button_click', 'button_click', 'button_click', 'button_click', 'page_load', 'form_submit', 'button_click']","[{'form_id': 'application_form', 'fields_filled': {'experience': '3 years'}}, {'button_id': 'apply'}, {'button_id': 'cancel'}, {'page': '/apply'}, {'form_id': 'application_form', 'fields_filled': {'experience': '3 years'}}, {'button_id': 'apply'}, {'button_id': 'cancel'}, {'button_id': 'submit'}, {'button_id': 'apply'}, {'button_id': 'search'}, {'button_id': 'cancel'}, {'page': '/apply'}, {'form_id': 'application_form', 'fields_filled': {'experience': '3 years'}}, {'button_id': 'submit'}]",6600.00019,9.0,3.0,2.0,4740.000127,456.9231765384615,2844.73603349658,button_click,form_submit
4a8118d0-7e20-4041-bcf9-2310e31883f7,user_20,2025-10-04 07:14:18.667910,2025-10-04 08:22:18.667719,6,"['page_load', 'form_submit', 'form_submit', 'form_submit', 'form_submit', 'button_click']","[{'page': '/apply'}, {'form_id': 'application_form', 'fields_filled': {'experience': '3 years'}}, {'form_id': 'application_form', 'fields_filled': {'experience': '3 years'}}, {'form_id': 'application_form', 'fields_filled': {'experience': '3 years'}}, {'form_id': 'application_form', 'fields_filled': {'experience': '3 years'}}, {'button_id': 'apply'}]",4079.999809,1.0,4.0,1.0,780.000532,-659.9996938,2075.861306559288,button_click,form_submit
520b9083-66a1-448c-b3c7-60caf4735045,user_34,2025-10-04 06:57:18.667757,2025-10-04 08:02:18.668334,3,"['button_click', 'form_submit', 'form_submit']","[{'button_id': 'apply'}, {'form_id': 'application_form', 'fields_filled': {'experience': '3 years'}}, {'form_id': 'application_form', 'fields_filled': {'experience': '3 years'}}]",3900.000577,1.0,2.0,0.0,3900.000577,1860.000454,2884.995841189382,button_click,form_submit
536dd0dd-6915-43f8-b118-06259484e72e,user_33,2025-10-04 06:47:18.667866,2025-10-04 08:29:18.668613,5,"['page_load', 'button_click', 'page_load', 'button_click', 'page_load']","[{'page': '/jobs'}, {'button_id': 'search'}, {'page': '/apply'}, {'button_id': 'cancel'}, {'page': '/apply'}]",6120.000747,2.0,0.0,3.0,6120.000747,-239.99973824999984,5728.246023019622,button_click,page_load
538afbf4-b9c5-40ff-8f8c-bdb49b421fb7,user_36,2025-10-04 07:19:18.667928,2025-10-04 08:32:18.668223,5,"['form_submit', 'page_load', 'form_submit', 'page_load', 'button_click']","[{'form_id': 'application_form', 'fields_filled': {'experience': '3 years'}}, {'page': '/apply'}, {'form_id': 'application_form', 'fields_filled': {'experience': '3 years'}}, {'page': '/profile'}, {'button_id': 'submit'}]",4380.000295,1.0,2.0,2.0,3900.000288,390.00021175,2735.76319752643,form_submit,page_load
54c1fca2-bc2f-4e4d-817c-9cc69f361416,user_48,2025-10-04 07:09:18.668523,2025-10-04 08:13:18.667899,3,"['button_click', 'page_load', 'button_click']","[{'button_id': 'cancel'}, {'page': '/jobs'}, {'button_id': 'apply'}]",3839.999376,2.0,0.0,1.0,-1859.999555,-1919.999688,84.8530018327895,button_click,button_click
5fadda34-4d99-4ee0-89b3-79649815045b,user_14,2025-10-04 06:39:18.668266,2025-10-04 07:08:18.668692,3,"['form_submit', 'button_click', 'form_submit']","[{'form_id': 'application_form', 'fields_filled': {'experience': '3 years'}}, {'button_id': 'apply'}, {'form_id': 'application_form', 'fields_filled': {'experience': '3 years'}}]",1740.000426,1.0,2.0,0.0,1080.000301,870.000213,296.98497254914344,form_submit,form_submit
61f88dd8-ce98-42c6-becf-8b3919cd0af0,user_11,2025-10-04 06:45:18.668748,2025-10-04 08:05:18.668672,4,"['button_click', 'form_submit', 'button_click', 'form_submit']","[{'button_id': 'apply'}, {'form_id': 'application_form', 'fields_filled': {'experience': '3 years'}}, {'button_id': 'cancel'}, {'form_id': 'application_form', 'fields_filled': {'experience': '3 years'}}]",4799.999924,2.0,2.0,0.0,3840.000694,-539.9996126666666,4321.250128020836,button_click,button_click
628b3f2a-e855-46a8-b68d-d145dff54aff,user_32,2025-10-04 06:52:18.668087,2025-10-04 08:27:18.669148,6,"['form_submit', 'form_submit', 'page_load', 'form_submit', 'button_click', 'page_load']","[{'form_id': 'application_form', 'fields_filled': {'experience': '3 years'}}, {'form_id': 'application_form', 'fields_filled': {'experience': '3 years'}}, {'page': '/profile'}, {'form_id': 'application_form', 'fields_filled': {'experience': '3 years'}}, {'button_id': 'cancel'}, {'page': '/home'}]",5700.001061,1.0,3.0,2.0,4680.000403,864.0003294,2962.1412332240475,page_load,page_load
63185c5e-a158-47b8-852c-54b823f9f3ba,user_41,2025-10-04 06:58:18.667562,2025-10-04 08:34:18.668634,7,"['form_submit', 'button_click', 'form_submit', 'button_click', 'form_submit', 'form_submit', 'form_submit']","[{'form_id': 'application_form', 'fields_filled': {'experience': '3 years'}}, {'button_id': 'cancel'}, {'form_id': 'application_form', 'fields_filled': {'experience': '3 years'}}, {'button_id': 'submit'}, {'form_id': 'application_form', 'fields_filled': {'experience': '3 years'}}, {'form_id': 'application_form', 'fields_filled': {'experience': '3 years'}}, {'form_id': 'application_form', 'fields_filled': {'experience': '3 years'}}]",5760.001072,2.0,5.0,0.0,2760.000278,650.0002168333333,1505.2308709842657,form_submit,button_click
63ce984d-1c96-4865-8b7a-2830c6d2da31,user_4,2025-10-04 06:38:18.667896,2025-10-04 08:33:18.667428,10,"['page_load', 'page_load', 'page_load', 'button_click', 'page_load', 'form_submit', 'page_load', 'page_load', 'button_click', 'form_submit']","[{'page': '/home'}, {'page': '/profile'}, {'page': '/dashboard'}, {'button_id': 'search'}, {'page': '/apply'}, {'form_id': 'application_form', 'fields_filled': {'experience': '3 years'}}, {'page': '/apply'}, {'page': '/home'}, {'button_id': 'cancel'}, {'form_id': 'application_form', 'fields_filled': {'experience': '3 years'}}]",6899.999532,2.0,2.0,6.0,4200.00024,-586.666471111111,3667.710580530229,form_submit,page_load
6474f5da-800a-413d-9821-fa748b6e2e13,user_17,2025-10-04 06:38:18.669102,2025-10-04 08:23:18.669165,6,"['button_click', 'page_load', 'page_load', 'form_submit', 'form_submit', 'button_click']","[{'button_id': 'submit'}, {'page': '/home'}, {'page': '/home'}, {'form_id': 'application_form', 'fields_filled': {'experience': '3 years'}}, {'form_id': 'application_form', 'fields_filled': {'experience': '3 years'}}, {'button_id': 'search'}]",6300.000063,2.0,2.0,2.0,4560.000003,528.000343,3070.393786868407,page_load,button_click
69f4b41c-ca6d-4bfc-9615-9efc74725ec5,user_23,2025-10-04 07:44:18.667984,2025-10-04 07:44:18.667984,1,['button_click'],[{'button_id': 'submit'}],0.0,1.0,0.0,0.0,0.0,0.0,0.0,button_click,button_click
6a391bdf-3909-4da3-852e-96aa1f112d5e,user_48,2025-10-04 07:22:18.667576,2025-10-04 08:02:18.668076,2,"['page_load', 'button_click']","[{'page': '/dashboard'}, {'button_id': 'submit'}]",2400.0005,1.0,0.0,1.0,2400.0005,2400.0005,0.0,page_load,button_click
6d58b535-ad53-4d8c-8e0d-2f8795f03972,user_27,2025-10-04 07:01:18.668101,2025-10-04 07:59:18.668355,4,"['page_load', 'page_load', 'form_submit', 'form_submit']","[{'page': '/dashboard'}, {'page': '/jobs'}, {'form_id': 'application_form', 'fields_filled': {'experience': '3 years'}}, {'form_id': 'application_form', 'fields_filled': {'experience': '3 years'}}]",3480.000254,0.0,2.0,2.0,3480.000254,880.000219,2264.4204889242637,page_load,form_submit
6ed7ef9d-ab35-4cc2-a3e3-12f2c44acca5,user_46,2025-10-04 06:48:18.668438,2025-10-04 08:01:18.668686,4,"['form_submit', 'page_load', 'button_click', 'button_click']","[{'form_id': 'application_form', 'fields_filled': {'experience': '3 years'}}, {'page': '/apply'}, {'button_id': 'submit'}, {'button_id': 'cancel'}]",4380.000248,2.0,1.0,1.0,4380.000248,620.0002623333335,3720.6450032971484,form_submit,button_click
749bd36d-939d-4524-9298-77071596e0e1,user_7,2025-10-04 06:35:18.668015,2025-10-04 08:33:18.668190,8,"['form_submit', 'form_submit', 'form_submit', 'form_submit', 'button_click', 'button_click', 'form_submit', 'page_load']","[{'form_id': 'application_form', 'fields_filled': {'experience': '3 years'}}, {'form_id': 'application_form', 'fields_filled': {'experience': '3 years'}}, {'form_id': 'application_form', 'fields_filled': {'experience': '3 years'}}, {'form_id': 'application_form', 'fields_filled': {'experience': '3 years'}}, {'button_id': 'cancel'}, {'button_id': 'search'}, {'form_id': 'application_form', 'fields_filled': {'experience': '3 years'}}, {'page': '/home'}]",7080.000175,2.0,5.0,1.0,5400.000128,-51.42832428571436,2959.0054746234478,form_submit,button_click
7c64def1-7838-4e86-8738-741dc109fafc,user_41,2025-10-04 06:57:18.668001,2025-10-04 08:26:18.667964,7,"['page_load', 'button_click', 'page_load', 'button_click', 'form_submit', 'form_submit', 'form_submit']","[{'page': '/dashboard'}, {'button_id': 'submit'}, {'page': '/profile'}, {'button_id': 'submit'}, {'form_id': 'application_form', 'fields_filled': {'experience': '3 years'}}, {'form_id': 'application_form', 'fields_filled': {'experience': '3 years'}}, {'form_id': 'application_form', 'fields_filled': {'experience': '3 years'}}]",5339.999963,2.0,3.0,2.0,4980.000203,-589.9997796666668,3350.8626449832395,form_submit,button_click
7f5c3ea1-3078-4f40-82ee-12105c487292,user_7,2025-10-04 06:40:18.668431,2025-10-04 08:25:18.667597,5,"['page_load', 'form_submit', 'form_submit', 'form_submit', 'button_click']","[{'page': '/profile'}, {'form_id': 'application_form', 'fields_filled': {'experience': '3 years'}}, {'form_id': 'application_form', 'fields_filled': {'experience': '3 years'}}, {'form_id': 'application_form', 'fields_filled': {'experience': '3 years'}}, {'button_id': 'apply'}]",6299.999166,1.0,3.0,1.0,4320.000136,-494.9997575,5087.720630649845,form_submit,page_load
7f6453ef-7871-4c73-930a-b2ea7d18c0d5,user_47,2025-10-04 06:48:18.668341,2025-10-04 08:23:18.667664,7,"['button_click', 'page_load', 'button_click', 'page_load', 'form_submit', 'button_click', 'form_submit']","[{'button_id': 'search'}, {'page': '/profile'}, {'button_id': 'apply'}, {'page': '/home'}, {'form_id': 'application_form', 'fields_filled': {'experience': '3 years'}}, {'button_id': 'apply'}, {'form_id': 'application_form', 'fields_filled': {'experience': '3 years'}}]",5699.999323,3.0,2.0,2.0,3420.000055,-149.99975799999993,2394.8194577111817,form_submit,button_click
811ed23b-2e78-414b-9eac-085fd1bcb7fa,user_1,2025-10-04 06:47:18.668662,2025-10-04 07:05:18.667632,2,"['form_submit', 'form_submit']","[{'form_id': 'application_form', 'fields_filled': {'experience': '3 years'}}, {'form_id': 'application_form', 'fields_filled': {'experience': '3 years'}}]",1079.99897,0.0,2.0,0.0,-1079.99897,-1079.99897,0.0,form_submit,form_submit
899a3bd4-4f8f-4afc-88e4-a8ece09c2ff5,user_32,2025-10-04 07:20:18.669158,2025-10-04 08:24:18.668602,2,"['form_submit', 'form_submit']","[{'form_id': 'application_form', 'fields_filled': {'experience': '3 years'}}, {'form_id': 'application_form', 'fields_filled': {'experience': '3 years'}}]",3839.999444,0.0,2.0,0.0,-3839.999444,-3839.999444,0.0,form_submit,form_submit
8ed52920-bad2-4ab8-b362-afac05951d46,user_29,2025-10-04 07:44:18.667991,2025-10-04 08:28:18.668369,6,"['form_submit', 'button_click', 'button_click', 'button_click', 'form_submit', 'form_submit']","[{'form_id': 'application_form', 'fields_filled': {'experience': '3 years'}}, {'button_id': 'cancel'}, {'button_id': 'search'}, {'button_id': 'cancel'}, {'form_id': 'application_form', 'fields_filled': {'experience': '3 years'}}, {'form_id': 'application_form', 'fields_filled': {'experience': '3 years'}}]",2640.000378,3.0,3.0,0.0,2400.000209,516.0000824,1297.0274368431863,form_submit,form_submit
9301fdd4-8fb0-49eb-a65b-1e757f20ced7,user_23,2025-10-04 06:41:18.669208,2025-10-04 07:59:18.668337,5,"['form_submit', 'button_click', 'form_submit', 'page_load', 'form_submit']","[{'form_id': 'application_form', 'fields_filled': {'experience': '3 years'}}, {'button_id': 'apply'}, {'form_id': 'application_form', 'fields_filled': {'experience': '3 years'}}, {'page': '/jobs'}, {'form_id': 'application_form', 'fields_filled': {'experience': '3 years'}}]",4679.999129,1.0,3.0,1.0,3180.000859,-749.9995614999999,2678.581977890565,page_load,form_submit
94bf7d4d-d0e0-462e-8985-cf5060f5461d,user_39,2025-10-04 08:04:18.667733,2025-10-04 08:34:18.667768,3,"['page_load', 'form_submit', 'form_submit']","[{'page': '/apply'}, {'form_id': 'application_form', 'fields_filled': {'experience': '3 years'}}, {'form_id': 'application_form', 'fields_filled': {'experience': '3 years'}}]",1800.000035,0.0,2.0,1.0,1800.000035,810.0000745,1400.0713708879284,page_load,form_submit
9714dbe5-0eed-4fed-a5f8-a329391567e5,user_17,2025-10-04 06:35:18.668963,2025-10-04 07:10:18.668365,2,"['page_load', 'form_submit']","[{'page': '/home'}, {'form_id': 'application_form', 'fields_filled': {'experience': '3 years'}}]",2099.999402,0.0,1.0,1.0,-2099.999402,-2099.999402,0.0,form_submit,page_load
98432f4a-3118-4b5b-af5f-a74658cc6ce8,user_7,2025-10-04 06:40:18.668412,2025-10-04 08:17:18.668459,9,"['button_click', 'page_load', 'button_click', 'button_click', 'form_submit', 'page_load', 'page_load', 'button_click', 'page_load']","[{'button_id': 'cancel'}, {'page': '/home'}, {'button_id': 'apply'}, {'button_id': 'submit'}, {'form_id': 'application_form', 'fields_filled': {'experience': '3 years'}}, {'page': '/apply'}, {'page': '/profile'}, {'button_id': 'search'}, {'page': '/profile'}]",5820.000047,4.0,1.0,4.0,5820.000047,112.5001821250001,3710.786309812733,button_click,page_load
99f2d2f2-a4b5-49f1-9f3d-0692e714cf6e,user_49,2025-10-04 07:05:18.669222,2025-10-04 08:29:18.668728,4,"['button_click', 'form_submit', 'button_click', 'page_load']","[{'button_id': 'cancel'}, {'form_id': 'application_form', 'fields_filled': {'experience': '3 years'}}, {'button_id': 'search'}, {'page': '/home'}]",5039.999506,2.0,1.0,1.0,1500.001333,-1179.999391,2468.279261412786,button_click,button_click
9ad990b4-b74e-46be-94a2-b9a07ca66b60,user_17,2025-10-04 07:07:18.667683,2025-10-04 08:23:18.667471,7,"['form_submit', 'page_load', 'form_submit', 'form_submit', 'form_submit', 'form_submit', 'page_load']","[{'form_id': 'application_form', 'fields_filled': {'experience': '3 years'}}, {'page': '/apply'}, {'form_id': 'application_form', 'fields_filled': {'experience': '3 years'}}, {'form_id': 'application_form', 'fields_filled': {'experience': '3 years'}}, {'form_id': 'application_form', 'fields_filled': {'experience': '3 years'}}, {'form_id': 'application_form', 'fields_filled': {'experience': '3 years'}}, {'page': '/home'}]",4559.999788,0.0,5.0,2.0,4140.00026,-599.9998521666668,2512.560504078659,page_load,page_load
9b909765-8543-47bd-b9b2-14031966d91b,user_22,2025-10-04 07:38:18.667764,2025-10-04 08:05:18.669201,4,"['form_submit', 'page_load', 'button_click', 'button_click']","[{'form_id': 'application_form', 'fields_filled': {'experience': '3 years'}}, {'page': '/home'}, {'button_id': 'cancel'}, {'button_id': 'submit'}]",1620.001437,2.0,1.0,1.0,1200.001161,340.0005313333333,902.6632112589396,button_click,button_click
9cd05992-1885-4716-b32e-b5cb9c10bcbf,user_2,2025-10-04 06:53:18.668766,2025-10-04 07:30:18.668090,5,"['form_submit', 'form_submit', 'button_click', 'button_click', 'button_click']","[{'form_id': 'application_form', 'fields_filled': {'experience': '3 years'}}, {'form_id': 'application_form', 'fields_filled': {'experience': '3 years'}}, {'button_id': 'submit'}, {'button_id': 'apply'}, {'button_id': 'cancel'}]",2219.999324,3.0,2.0,0.0,1080.000411,-89.99970374999998,1406.6982992027943,button_click,button_click
9fdbb3a7-775a-40c5-8af5-f64f7235eedc,user_21,2025-10-04 06:41:18.668456,2025-10-04 08:24:18.667671,5,"['form_submit', 'form_submit', 'form_submit', 'page_load', 'page_load']","[{'form_id': 'application_form', 'fields_filled': {'experience': '3 years'}}, {'form_id': 'application_form', 'fields_filled': {'experience': '3 years'}}, {'form_id': 'application_form', 'fields_filled': {'experience': '3 years'}}, {'page': '/home'}, {'page': '/jobs'}]",6179.999215,0.0,3.0,2.0,3060.000419,-1184.999567,3953.7448658607286,page_load,form_submit
a01c2b73-5c1d-43a5-bf07-20eb3a9ecddf,user_17,2025-10-04 07:20:18.668679,2025-10-04 08:26:18.669243,5,"['form_submit', 'page_load', 'button_click', 'button_click', 'page_load']","[{'form_id': 'application_form', 'fields_filled': {'experience': '3 years'}}, {'page': '/home'}, {'button_id': 'submit'}, {'button_id': 'cancel'}, {'page': '/home'}]",3960.000564,2.0,1.0,2.0,3960.000564,645.0004132500001,3108.19888525333,page_load,page_load
abe6aec0-4216-4dab-b748-ff8f8a5af92e,user_6,2025-10-04 07:46:18.667494,2025-10-04 08:26:18.668065,3,"['button_click', 'form_submit', 'page_load']","[{'button_id': 'submit'}, {'form_id': 'application_form', 'fields_filled': {'experience': '3 years'}}, {'page': '/home'}]",2400.000571,1.0,1.0,1.0,2400.000571,750.0005075,2333.452467718168,button_click,form_submit
af5d0fc4-316e-4196-9661-9baff8d60b0c,user_39,2025-10-04 06:44:18.669119,2025-10-04 08:34:18.667804,6,"['button_click', 'button_click', 'page_load', 'page_load', 'button_click', 'button_click']","[{'button_id': 'search'}, {'button_id': 'search'}, {'page': '/profile'}, {'page': '/dashboard'}, {'button_id': 'search'}, {'button_id': 'apply'}]",6599.998685,4.0,0.0,2.0,1020.000286,-1319.999737,2930.494790645431,button_click,button_click
b3f88f55-70a2-47c3-9eaf-56970f05884b,user_19,2025-10-04 06:36:18.667786,2025-10-04 08:21:18.668577,11,"['page_load', 'form_submit', 'button_click', 'page_load', 'page_load', 'page_load', 'form_submit', 'button_click', 'form_submit', 'page_load', 'form_submit']","[{'page': '/dashboard'}, {'form_id': 'application_form', 'fields_filled': {'experience': '3 years'}}, {'button_id': 'cancel'}, {'page': '/profile'}, {'page': '/jobs'}, {'page': '/apply'}, {'form_id': 'application_form', 'fields_filled': {'experience': '3 years'}}, {'button_id': 'cancel'}, {'form_id': 'application_form', 'fields_filled': {'experience': '3 years'}}, {'page': '/profile'}, {'form_id': 'application_form', 'fields_filled': {'experience': '3 years'}}]",6300.000791,2.0,4.0,5.0,4260.000022,78.00013990000006,3359.053494426275,page_load,button_click
b6c04a42-69f1-4608-ab79-578c96c69e44,user_44,2025-10-04 07:05:18.668616,2025-10-04 08:28:18.668312,5,"['form_submit', 'form_submit', 'form_submit', 'page_load', 'button_click']","[{'form_id': 'application_form', 'fields_filled': {'experience': '3 years'}}, {'form_id': 'application_form', 'fields_filled': {'experience': '3 years'}}, {'form_id': 'application_form', 'fields_filled': {'experience': '3 years'}}, {'page': '/dashboard'}, {'button_id': 'apply'}]",4979.999696,1.0,3.0,1.0,180.000118,-1184.9998535,1957.9836279244018,form_submit,form_submit
babce504-2022-4da8-9eb0-dddab8003586,user_28,2025-10-04 06:41:18.669151,2025-10-04 08:24:18.667778,3,"['button_click', 'page_load', 'page_load']","[{'button_id': 'cancel'}, {'page': '/dashboard'}, {'page': '/apply'}]",6179.998627,1.0,0.0,2.0,4020.000234,-1079.9991965,7212.488362708161,page_load,button_click
bc59213d-a5e7-4846-b3f6-f471c0e06238,user_18,2025-10-04 06:48:18.668627,2025-10-04 08:34:18.668652,4,"['button_click', 'button_click', 'page_load', 'form_submit']","[{'button_id': 'search'}, {'button_id': 'search'}, {'page': '/apply'}, {'form_id': 'application_form', 'fields_filled': {'experience': '3 years'}}]",6360.000025,2.0,1.0,1.0,6360.000025,700.0003086666669,4912.79935376564,page_load,form_submit
bd22d57d-ac45-486c-9d91-7b573102dbf5,user_18,2025-10-04 06:46:18.669269,2025-10-04 08:34:18.668034,5,"['form_submit', 'form_submit', 'button_click', 'button_click', 'page_load']","[{'form_id': 'application_form', 'fields_filled': {'experience': '3 years'}}, {'form_id': 'application_form', 'fields_filled': {'experience': '3 years'}}, {'button_id': 'search'}, {'button_id': 'cancel'}, {'page': '/dashboard'}]",6479.998765,2.0,2.0,1.0,6360.000077,-1004.9995722500001,4939.564514388906,button_click,form_submit
beccc029-6a1c-400b-8b4a-a69531321da2,user_20,2025-10-04 06:48:18.668906,2025-10-04 07:38:18.668910,4,"['form_submit', 'page_load', 'form_submit', 'page_load']","[{'form_id': 'application_form', 'fields_filled': {'experience': '3 years'}}, {'page': '/profile'}, {'form_id': 'application_form', 'fields_filled': {'experience': '3 years'}}, {'page': '/home'}]",3000.000004,0.0,2.0,2.0,3000.000004,140.00037833333332,2517.379236599075,form_submit,page_load
c4613977-f83e-455c-ad7c-8ffd00a25945,user_45,2025-10-04 06:40:18.669180,2025-10-04 08:22:18.668220,7,"['page_load', 'button_click', 'form_submit', 'button_click', 'page_load', 'button_click', 'page_load']","[{'page': '/dashboard'}, {'button_id': 'cancel'}, {'form_id': 'application_form', 'fields_filled': {'experience': '3 years'}}, {'button_id': 'search'}, {'page': '/profile'}, {'button_id': 'apply'}, {'page': '/profile'}]",6119.99904,3.0,1.0,3.0,4860.000253,-409.9997489999999,3940.5734919953015,button_click,page_load
c4ac4c02-df92-4c92-99fe-b29537430d66,user_33,2025-10-04 06:58:18.668506,2025-10-04 08:21:18.668706,7,"['button_click', 'page_load', 'form_submit', 'form_submit', 'form_submit', 'button_click', 'page_load']","[{'button_id': 'search'}, {'page': '/profile'}, {'form_id': 'application_form', 'fields_filled': {'experience': '3 years'}}, {'form_id': 'application_form', 'fields_filled': {'experience': '3 years'}}, {'form_id': 'application_form', 'fields_filled': {'experience': '3 years'}}, {'button_id': 'cancel'}, {'page': '/dashboard'}]",4980.0002,2.0,3.0,2.0,3360.000165,-79.99969533333335,2155.8848444219047,form_submit,page_load
ce75fd6d-0b21-4657-ae45-edd9fce74966,user_16,2025-10-04 07:10:18.668140,2025-10-04 08:21:18.668941,8,"['button_click', 'page_load', 'page_load', 'form_submit', 'page_load', 'button_click', 'page_load', 'page_load']","[{'button_id': 'apply'}, {'page': '/home'}, {'page': '/home'}, {'form_id': 'application_form', 'fields_filled': {'experience': '3 years'}}, {'page': '/home'}, {'button_id': 'apply'}, {'page': '/home'}, {'page': '/jobs'}]",4260.000801,2.0,1.0,5.0,3000.000035,428.57158814285714,1608.6373750173998,page_load,button_click
d8570f88-82f2-4258-8b0a-7241b42ceae9,user_2,2025-10-04 06:36:18.668245,2025-10-04 07:56:18.667508,3,"['button_click', 'form_submit', 'page_load']","[{'button_id': 'search'}, {'form_id': 'application_form', 'fields_filled': {'experience': '3 years'}}, {'page': '/apply'}]",4799.999263,1.0,1.0,1.0,2940.000042,-929.9996104999998,5473.005994944665,page_load,form_submit
da177b7f-1d16-4df6-a0a9-5732af4e6bec,user_11,2025-10-04 06:38:18.667475,2025-10-04 08:12:18.668208,6,"['form_submit', 'page_load', 'form_submit', 'page_load', 'button_click', 'form_submit']","[{'form_id': 'application_form', 'fields_filled': {'experience': '3 years'}}, {'page': '/home'}, {'form_id': 'application_form', 'fields_filled': {'experience': '3 years'}}, {'page': '/dashboard'}, {'button_id': 'cancel'}, {'form_id': 'application_form', 'fields_filled': {'experience': '3 years'}}]",5640.000733,1.0,3.0,2.0,4920.000146,1116.000262,3601.1496965205456,form_submit,button_click
dd44ab07-c216-4f1d-8dc9-1d10b0f16e22,user_6,2025-10-04 06:38:18.668154,2025-10-04 08:32:18.668689,11,"['button_click', 'page_load', 'button_click', 'page_load', 'page_load', 'form_submit', 'page_load', 'page_load', 'page_load', 'page_load', 'form_submit']","[{'button_id': 'cancel'}, {'page': '/dashboard'}, {'button_id': 'submit'}, {'page': '/apply'}, {'page': '/profile'}, {'form_id': 'application_form', 'fields_filled': {'experience': '3 years'}}, {'page': '/dashboard'}, {'page': '/dashboard'}, {'page': '/jobs'}, {'page': '/jobs'}, {'form_id': 'application_form', 'fields_filled': {'experience': '3 years'}}]",6840.000535,2.0,2.0,7.0,5580.00027,-215.99982160000005,3890.5218037128834,page_load,form_submit
df7132d1-4c8b-4477-9041-322333158ac7,user_4,2025-10-04 06:38:18.668516,2025-10-04 07:23:18.668348,2,"['button_click', 'page_load']","[{'button_id': 'submit'}, {'page': '/dashboard'}]",2699.999832,1.0,0.0,1.0,-2699.999832,-2699.999832,0.0,page_load,button_click
e0470c43-e782-478c-9829-01d8d78c214c,user_47,2025-10-04 06:58:18.667614,2025-10-04 08:33:18.668893,7,"['button_click', 'page_load', 'form_submit', 'button_click', 'button_click', 'page_load', 'page_load']","[{'button_id': 'submit'}, {'page': '/jobs'}, {'form_id': 'application_form', 'fields_filled': {'experience': '3 years'}}, {'button_id': 'submit'}, {'button_id': 'search'}, {'page': '/home'}, {'page': '/home'}]",5700.001279,3.0,1.0,3.0,3060.000037,130.0002703333333,2705.571939622384,button_click,page_load
e1e5a0fd-9454-444b-b3a7-f0bedae407ba,user_3,2025-10-04 07:58:18.667885,2025-10-04 07:58:18.667885,1,['page_load'],[{'page': '/apply'}],0.0,0.0,0.0,1.0,0.0,0.0,0.0,page_load,page_load
e1f1c261-3787-46bb-a8a7-f1d798cbf33e,user_48,2025-10-04 07:17:18.669141,2025-10-04 08:20:18.669304,3,"['form_submit', 'button_click', 'button_click']","[{'form_id': 'application_form', 'fields_filled': {'experience': '3 years'}}, {'button_id': 'cancel'}, {'button_id': 'submit'}]",3780.000163,2.0,1.0,0.0,3780.000163,120.00075149999998,5176.020806020847,button_click,button_click
e2414237-c0f7-4774-a7e8-f8a5f720769d,user_25,2025-10-04 07:07:18.668917,2025-10-04 08:29:18.668326,7,"['form_submit', 'page_load', 'page_load', 'form_submit', 'button_click', 'button_click', 'form_submit']","[{'form_id': 'application_form', 'fields_filled': {'experience': '3 years'}}, {'page': '/profile'}, {'page': '/apply'}, {'form_id': 'application_form', 'fields_filled': {'experience': '3 years'}}, {'button_id': 'cancel'}, {'button_id': 'apply'}, {'form_id': 'application_form', 'fields_filled': {'experience': '3 years'}}]",4919.999409,2.0,3.0,2.0,3660.000304,-649.9997514999999,2465.8223296847723,button_click,page_load
e311029c-39b5-4937-ba76-2aeb103456b0,user_38,2025-10-04 06:56:18.669173,2025-10-04 08:22:18.667618,6,"['button_click', 'button_click', 'page_load', 'form_submit', 'page_load', 'form_submit']","[{'button_id': 'apply'}, {'button_id': 'submit'}, {'page': '/home'}, {'form_id': 'application_form', 'fields_filled': {'experience': '3 years'}}, {'page': '/jobs'}, {'form_id': 'application_form', 'fields_filled': {'experience': '3 years'}}]",5159.998445,2.0,2.0,2.0,3840.000092,-263.99967059999994,2435.2164940091116,form_submit,button_click
e3e6632c-facb-4ebc-8da6-f751a7cba0d5,user_18,2025-10-04 06:35:18.667646,2025-10-04 07:29:18.667687,3,"['form_submit', 'button_click', 'form_submit']","[{'form_id': 'application_form', 'fields_filled': {'experience': '3 years'}}, {'button_id': 'cancel'}, {'form_id': 'application_form', 'fields_filled': {'experience': '3 years'}}]",3240.000041,1.0,2.0,0.0,3240.000041,60.00081649999993,4497.198031623824,form_submit,button_click
e69f3b9b-6ac3-4253-bc9a-3905001e9be2,user_10,2025-10-04 06:58:18.668129,2025-10-04 08:18:18.667415,4,"['page_load', 'form_submit', 'form_submit', 'button_click']","[{'page': '/profile'}, {'form_id': 'application_form', 'fields_filled': {'experience': '3 years'}}, {'form_id': 'application_form', 'fields_filled': {'experience': '3 years'}}, {'button_id': 'cancel'}]",4799.999286,1.0,2.0,1.0,4260.000455,-539.9994293333333,4554.0749718400575,button_click,form_submit
e8309bc3-08a9-4cc3-8031-62d4dceb484b,user_23,2025-10-04 06:50:18.668212,2025-10-04 08:23:18.669191,2,"['page_load', 'form_submit']","[{'page': '/home'}, {'form_id': 'application_form', 'fields_filled': {'experience': '3 years'}}]",5580.000979,0.0,1.0,1.0,5580.000979,5580.000979,0.0,page_load,form_submit
e8a02ba1-8b15-4d5d-88c2-b815aebb022a,user_47,2025-10-04 08:00:18.667505,2025-10-04 08:04:18.668973,2,"['page_load', 'button_click']","[{'page': '/apply'}, {'button_id': 'search'}]",240.001468,1.0,0.0,1.0,240.001468,240.001468,0.0,page_load,button_click
ebe82df4-c5bf-4a1f-85da-217070313fd2,user_6,2025-10-04 06:43:18.668044,2025-10-04 08:30:18.667761,8,"['button_click', 'button_click', 'button_click', 'form_submit', 'form_submit', 'button_click', 'form_submit', 'form_submit']","[{'button_id': 'search'}, {'button_id': 'apply'}, {'button_id': 'apply'}, {'form_id': 'application_form', 'fields_filled': {'experience': '3 years'}}, {'form_id': 'application_form', 'fields_filled': {'experience': '3 years'}}, {'button_id': 'cancel'}, {'form_id': 'application_form', 'fields_filled': {'experience': '3 years'}}, {'form_id': 'application_form', 'fields_filled': {'experience': '3 years'}}]",6419.999717,4.0,4.0,0.0,5940.00051,145.71453514285713,4033.3893532887314,form_submit,form_submit
f3740b6d-a89d-4a69-8b30-0f8c26069922,user_17,2025-10-04 07:14:18.667863,2025-10-04 08:19:18.668216,3,"['form_submit', 'button_click', 'form_submit']","[{'form_id': 'application_form', 'fields_filled': {'experience': '3 years'}}, {'button_id': 'apply'}, {'form_id': 'application_form', 'fields_filled': {'experience': '3 years'}}]",3900.000353,1.0,2.0,0.0,3240.000317,1950.0001765,1824.335694158298,form_submit,form_submit
f38c767a-77dd-4b55-ad6f-08cac1bfeaf1,user_44,2025-10-04 07:15:18.667853,2025-10-04 08:10:18.668291,4,"['button_click', 'button_click', 'form_submit', 'button_click']","[{'button_id': 'submit'}, {'button_id': 'submit'}, {'form_id': 'application_form', 'fields_filled': {'experience': '3 years'}}, {'button_id': 'search'}]",3300.000438,3.0,1.0,0.0,3300.000438,340.000439,2716.836480000235,button_click,button_click
f8aae751-22e9-4119-baee-919f96fc3e22,user_6,2025-10-04 06:39:18.668416,2025-10-04 08:19:18.667516,7,"['form_submit', 'button_click', 'page_load', 'form_submit', 'page_load', 'page_load', 'form_submit']","[{'form_id': 'application_form', 'fields_filled': {'experience': '3 years'}}, {'button_id': 'submit'}, {'page': '/apply'}, {'form_id': 'application_form', 'fields_filled': {'experience': '3 years'}}, {'page': '/jobs'}, {'page': '/profile'}, {'form_id': 'application_form', 'fields_filled': {'experience': '3 years'}}]",5999.9991,1.0,3.0,3.0,3660.000043,-179.99980533333337,2798.0850231742465,page_load,page_load
fe9fe099-faae-442c-99b8-691f03334532,user_15,2025-10-04 06:50:18.667971,2025-10-04 08:11:18.669229,5,"['form_submit', 'page_load', 'button_click', 'button_click', 'form_submit']","[{'form_id': 'application_form', 'fields_filled': {'experience': '3 years'}}, {'page': '/dashboard'}, {'button_id': 'search'}, {'button_id': 'apply'}, {'form_id': 'application_form', 'fields_filled': {'experience': '3 years'}}]",4860.001258,2.0,2.0,1.0,4080.000074,225.00037399999988,2985.314078592117,button_click,button_click
ff80bf59-3b8b-49e6-9ad9-5a13c46ac119,user_39,2025-10-04 07:41:18.668878,2025-10-04 08:15:18.669262,4,"['page_load', 'form_submit', 'form_submit', 'page_load']","[{'page': '/dashboard'}, {'form_id': 'application_form', 'fields_filled': {'experience': '3 years'}}, {'form_id': 'application_form', 'fields_filled': {'experience': '3 years'}}, {'page': '/jobs'}]",2040.000384,0.0,2.0,2.0,2040.000384,20.000449333333336,1749.6284707331663,form_submit,page_load
